date,percentF
1960-01,49.97
1965-01,49.91
1970-01,49.86
1975-01,49.80
1980-01,49.76
1985-01,49.73
1990-01,49.68
1995-01,49.65
2000-01,49.65
2005-01,49.61
2010-01,49.58
2015-01,49.58
2016-01,49.58
2017-01,49.58
2018-01,49.58
